"Anisha Sanders","Anisha Sanders"
"Beatrice Beltran","Beatrice Beltran"
"Bethanie Cox","Bethanie Cox"
"Damian Conrad","Damian Conrad"
"Dilan Larson","Dilan Larson"
"Eileen Pate","Eileen Pate"
"Elwood Samuels","Elwood Samuels"
"Eshaan Hines","Eshaan Hines"
"Haroon Leon","Haroon Leon"
"Isaac Mckinney","Isaac Mckinney"
"Jacque Cooley","Jacque Cooley"
"Leoni Mcdowell","Leoni Mcdowell"
"Marina Collier","Marina Collier"
"Nikolas Plant","Nikolas Plant"
"Riccardo Malone","Riccardo Malone"
"Ronny Whitaker","Ronny Whitaker"
"Stacie Ventura","Stacie Ventura"
"Sufyan Pierce","Sufyan Pierce"
"Tayla Plummer","Tayla Plummer"
